-- MySQL dump 10.16  Distrib 10.1.19-MariaDB, for Win32 (AMD64)
--
-- Host: localhost    Database: localhost
-- ------------------------------------------------------
-- Server version	10.1.19-MariaDB

/*!40101 SET @OLD_CHARACTER_SET_CLIENT=@@CHARACTER_SET_CLIENT */;
/*!40101 SET @OLD_CHARACTER_SET_RESULTS=@@CHARACTER_SET_RESULTS */;
/*!40101 SET @OLD_COLLATION_CONNECTION=@@COLLATION_CONNECTION */;
/*!40101 SET NAMES utf8 */;
/*!40103 SET @OLD_TIME_ZONE=@@TIME_ZONE */;
/*!40103 SET TIME_ZONE='+00:00' */;
/*!40014 SET @OLD_UNIQUE_CHECKS=@@UNIQUE_CHECKS, UNIQUE_CHECKS=0 */;
/*!40014 SET @OLD_FOREIGN_KEY_CHECKS=@@FOREIGN_KEY_CHECKS, FOREIGN_KEY_CHECKS=0 */;
/*!40101 SET @OLD_SQL_MODE=@@SQL_MODE, SQL_MODE='NO_AUTO_VALUE_ON_ZERO' */;
/*!40111 SET @OLD_SQL_NOTES=@@SQL_NOTES, SQL_NOTES=0 */;

--
-- Table structure for table `categorias`
--

DROP TABLE IF EXISTS `categorias`;
/*!40101 SET @saved_cs_client     = @@character_set_client */;
/*!40101 SET character_set_client = utf8 */;
CREATE TABLE `categorias` (
  `id` int(11) NOT NULL AUTO_INCREMENT,
  `categoria` varchar(100) NOT NULL,
  PRIMARY KEY (`id`),
  UNIQUE KEY `categoria` (`categoria`)
) ENGINE=InnoDB AUTO_INCREMENT=4 DEFAULT CHARSET=latin1;
/*!40101 SET character_set_client = @saved_cs_client */;

--
-- Dumping data for table `categorias`
--

LOCK TABLES `categorias` WRITE;
/*!40000 ALTER TABLE `categorias` DISABLE KEYS */;
INSERT INTO `categorias` VALUES (1,'categoria pricipal'),(3,'otra categoria (secundaria)');
/*!40000 ALTER TABLE `categorias` ENABLE KEYS */;
UNLOCK TABLES;

--
-- Table structure for table `productos`
--

DROP TABLE IF EXISTS `productos`;
/*!40101 SET @saved_cs_client     = @@character_set_client */;
/*!40101 SET character_set_client = utf8 */;
CREATE TABLE `productos` (
  `id` int(11) NOT NULL AUTO_INCREMENT,
  `id_subcategoria` int(11) NOT NULL,
  `id_provedor` int(11) NOT NULL,
  `nombre` varchar(100) NOT NULL,
  `precio` float NOT NULL,
  `descripcion` text NOT NULL,
  `existencia` int(11) NOT NULL,
  PRIMARY KEY (`id`),
  KEY `id_subcategoria` (`id_subcategoria`),
  KEY `id_provedor` (`id_provedor`),
  CONSTRAINT `productos_ibfk_1` FOREIGN KEY (`id_subcategoria`) REFERENCES `subcategorias` (`id`),
  CONSTRAINT `productos_ibfk_2` FOREIGN KEY (`id_provedor`) REFERENCES `provedores` (`id`)
) ENGINE=InnoDB AUTO_INCREMENT=3 DEFAULT CHARSET=latin1;
/*!40101 SET character_set_client = @saved_cs_client */;

--
-- Dumping data for table `productos`
--

LOCK TABLES `productos` WRITE;
/*!40000 ALTER TABLE `productos` DISABLE KEYS */;
INSERT INTO `productos` VALUES (1,3,3,'vhvdhgs',99.99,'Arriba el ESTADO ISLAMICO (hermanos cyber-califato)',10),(2,1,1,'dcsc',100,'',0);
/*!40000 ALTER TABLE `productos` ENABLE KEYS */;
UNLOCK TABLES;

--
-- Table structure for table `provedores`
--

DROP TABLE IF EXISTS `provedores`;
/*!40101 SET @saved_cs_client     = @@character_set_client */;
/*!40101 SET character_set_client = utf8 */;
CREATE TABLE `provedores` (
  `id` int(11) NOT NULL AUTO_INCREMENT,
  `nombre` varchar(50) NOT NULL,
  `telefono` varchar(10) NOT NULL,
  `correo` varchar(60) NOT NULL,
  `direccion` text NOT NULL,
  PRIMARY KEY (`id`)
) ENGINE=InnoDB AUTO_INCREMENT=4 DEFAULT CHARSET=latin1;
/*!40101 SET character_set_client = @saved_cs_client */;

--
-- Dumping data for table `provedores`
--

LOCK TABLES `provedores` WRITE;
/*!40000 ALTER TABLE `provedores` DISABLE KEYS */;
INSERT INTO `provedores` VALUES (1,'steren','9999999999','mailme@fake.it','N/A'),(3,'nuevo prov','','','');
/*!40000 ALTER TABLE `provedores` ENABLE KEYS */;
UNLOCK TABLES;

--
-- Table structure for table `roles`
--

DROP TABLE IF EXISTS `roles`;
/*!40101 SET @saved_cs_client     = @@character_set_client */;
/*!40101 SET character_set_client = utf8 */;
CREATE TABLE `roles` (
  `id` int(11) NOT NULL AUTO_INCREMENT,
  `rol` varchar(100) NOT NULL,
  `fecha_creacion` date NOT NULL,
  PRIMARY KEY (`id`),
  UNIQUE KEY `rol` (`rol`)
) ENGINE=InnoDB AUTO_INCREMENT=3 DEFAULT CHARSET=latin1;
/*!40101 SET character_set_client = @saved_cs_client */;

--
-- Dumping data for table `roles`
--

LOCK TABLES `roles` WRITE;
/*!40000 ALTER TABLE `roles` DISABLE KEYS */;
INSERT INTO `roles` VALUES (1,'Administrador','2016-05-20'),(2,'Vendedor','2016-05-31');
/*!40000 ALTER TABLE `roles` ENABLE KEYS */;
UNLOCK TABLES;

--
-- Table structure for table `subcategorias`
--

DROP TABLE IF EXISTS `subcategorias`;
/*!40101 SET @saved_cs_client     = @@character_set_client */;
/*!40101 SET character_set_client = utf8 */;
CREATE TABLE `subcategorias` (
  `id` int(11) NOT NULL AUTO_INCREMENT,
  `id_categoria` int(11) NOT NULL,
  `subcategoria` varchar(100) NOT NULL,
  PRIMARY KEY (`id`),
  UNIQUE KEY `subcategoria` (`subcategoria`),
  KEY `id_categoria` (`id_categoria`),
  CONSTRAINT `subcategorias_ibfk_1` FOREIGN KEY (`id_categoria`) REFERENCES `categorias` (`id`)
) ENGINE=InnoDB AUTO_INCREMENT=4 DEFAULT CHARSET=latin1;
/*!40101 SET character_set_client = @saved_cs_client */;

--
-- Dumping data for table `subcategorias`
--

LOCK TABLES `subcategorias` WRITE;
/*!40000 ALTER TABLE `subcategorias` DISABLE KEYS */;
INSERT INTO `subcategorias` VALUES (1,3,'mi subcat'),(3,1,'otro');
/*!40000 ALTER TABLE `subcategorias` ENABLE KEYS */;
UNLOCK TABLES;

--
-- Table structure for table `usuarios`
--

DROP TABLE IF EXISTS `usuarios`;
/*!40101 SET @saved_cs_client     = @@character_set_client */;
/*!40101 SET character_set_client = utf8 */;
CREATE TABLE `usuarios` (
  `id` int(11) NOT NULL AUTO_INCREMENT,
  `id_rol` int(11) NOT NULL,
  `nombre` varchar(100) NOT NULL,
  `ap_paterno` varchar(50) NOT NULL,
  `ap_materno` varchar(50) NOT NULL,
  `sexo` char(1) NOT NULL,
  `telefono` varchar(10) NOT NULL,
  `correo` varchar(60) NOT NULL,
  `entradas` int(11) NOT NULL,
  `fecha_ultima_entrada` date NOT NULL,
  `usuario` varchar(100) NOT NULL,
  `password` varchar(100) NOT NULL,
  `fecha_creacion` date NOT NULL,
  PRIMARY KEY (`id`),
  UNIQUE KEY `usuario` (`usuario`),
  KEY `id_rol` (`id_rol`),
  CONSTRAINT `usuarios_ibfk_1` FOREIGN KEY (`id_rol`) REFERENCES `roles` (`id`)
) ENGINE=InnoDB AUTO_INCREMENT=10 DEFAULT CHARSET=latin1;
/*!40101 SET character_set_client = @saved_cs_client */;

--
-- Dumping data for table `usuarios`
--

LOCK TABLES `usuarios` WRITE;
/*!40000 ALTER TABLE `usuarios` DISABLE KEYS */;
INSERT INTO `usuarios` VALUES (2,2,'Mia','Khalifa','de Lopez','M','7710201133','mia_97@outlook.com',1,'2016-05-14','kali','kali','2016-05-14'),(9,1,'Joaquin','Ramirez','Martinez','H','7721108109','joaquin.ramirez.mtz.lab@hotmail.com',0,'2016-05-14','admin','admin','2016-05-14');
/*!40000 ALTER TABLE `usuarios` ENABLE KEYS */;
UNLOCK TABLES;

--
-- Table structure for table `venta`
--

DROP TABLE IF EXISTS `venta`;
/*!40101 SET @saved_cs_client     = @@character_set_client */;
/*!40101 SET character_set_client = utf8 */;
CREATE TABLE `venta` (
  `id` int(11) NOT NULL AUTO_INCREMENT,
  `id_ventas` int(11) NOT NULL,
  `id_producto` int(11) NOT NULL,
  `cantidad_producto` int(11) NOT NULL,
  `precio_unitario` float NOT NULL,
  PRIMARY KEY (`id`),
  KEY `id_ventas` (`id_ventas`),
  KEY `id_producto` (`id_producto`),
  CONSTRAINT `venta_ibfk_1` FOREIGN KEY (`id_ventas`) REFERENCES `ventas` (`id`),
  CONSTRAINT `venta_ibfk_2` FOREIGN KEY (`id_producto`) REFERENCES `productos` (`id`)
) ENGINE=InnoDB AUTO_INCREMENT=3 DEFAULT CHARSET=latin1;
/*!40101 SET character_set_client = @saved_cs_client */;

--
-- Dumping data for table `venta`
--

LOCK TABLES `venta` WRITE;
/*!40000 ALTER TABLE `venta` DISABLE KEYS */;
INSERT INTO `venta` VALUES (1,1,1,0,99.99),(2,1,2,0,100);
/*!40000 ALTER TABLE `venta` ENABLE KEYS */;
UNLOCK TABLES;

--
-- Table structure for table `ventas`
--

DROP TABLE IF EXISTS `ventas`;
/*!40101 SET @saved_cs_client     = @@character_set_client */;
/*!40101 SET character_set_client = utf8 */;
CREATE TABLE `ventas` (
  `id` int(11) NOT NULL AUTO_INCREMENT,
  `fecha` date NOT NULL,
  `nota` text NOT NULL,
  PRIMARY KEY (`id`)
) ENGINE=InnoDB AUTO_INCREMENT=2 DEFAULT CHARSET=latin1;
/*!40101 SET character_set_client = @saved_cs_client */;

--
-- Dumping data for table `ventas`
--

LOCK TABLES `ventas` WRITE;
/*!40000 ALTER TABLE `ventas` DISABLE KEYS */;
INSERT INTO `ventas` VALUES (1,'2016-06-02','');
/*!40000 ALTER TABLE `ventas` ENABLE KEYS */;
UNLOCK TABLES;
/*!40103 SET TIME_ZONE=@OLD_TIME_ZONE */;

/*!40101 SET SQL_MODE=@OLD_SQL_MODE */;
/*!40014 SET FOREIGN_KEY_CHECKS=@OLD_FOREIGN_KEY_CHECKS */;
/*!40014 SET UNIQUE_CHECKS=@OLD_UNIQUE_CHECKS */;
/*!40101 SET CHARACTER_SET_CLIENT=@OLD_CHARACTER_SET_CLIENT */;
/*!40101 SET CHARACTER_SET_RESULTS=@OLD_CHARACTER_SET_RESULTS */;
/*!40101 SET COLLATION_CONNECTION=@OLD_COLLATION_CONNECTION */;
/*!40111 SET SQL_NOTES=@OLD_SQL_NOTES */;

-- Dump completed on 2017-02-02 19:34:36
